Model,MaxPeakError_deg,RMSError_deg,PeakToPeakError_deg
Accurate,48.4200000001933,39.3745108475082,122.099400000193
BlackBox,48.7800000000104,39.2338914045625,124.797600000207
