T_r,A_r,rms_err,max_err,ss_rms,settling_time
0.1,40,39.4264398653423,67.4396328457925,39.4608778476,NaN
