A_r,rms_err,max_err,ss_rms,settling_time
30,0.905459069579463,8.89117224220184,0.175193310305445,NaN
60,1.81380873096445,18.4262368259237,0.225521223902073,NaN
90,2.75498038615023,28.3599277298159,0.29450630024386,NaN
