A_step,RiseTime_s,SettlingTime_s,Overshoot_pct,FinalError
40,0.031625,0.26595,35.7466063348416,0.219999999999999
