T_r,A_r,rms_err,max_err,ss_rms,settling_time
0.1,40,38.3933741302543,74.1207514924837,38.3252824485359,NaN
