Amplitude,RMS_Error,Max_Abs_Error,SteadyState_RMS,SteadyState_PeakToPeak
30,4.45785719613083,7.28657942276639,4.53941016265982,14.2366702424459
60,4.6461367238815,7.94444796653834,4.66268421393842,15.4640694779406
90,4.85262591811829,9.51393970917748,4.79576404200426,16.5305161926972
