Ts,RiseTime,SettlingTime,Overshoot
0.001,0.0993180742165945,0.752174248103291,33.0960443765805
0.01,0.11825504774354,NaN,38.5266183622168
0.05,0.0247059997299256,NaN,111.288187962306
