Ts,RiseTime,SettlingTime,Overshoot
0.001,0.0522958696367255,0.0755162022895734,0
0.01,0.0293536286016633,0.158277445961019,28.4091824616403
0.05,0.0259311589304542,NaN,458.94030382874
