Ts,RiseTime,SettlingTime,Overshoot
0.001,0.0527096438394309,0.0754931313673091,0
0.01,0.0314900324589365,0.116645276676417,16.9266278447779
0.05,0.0259311589304542,NaN,374.987358268893
