Ts,RiseTime,SettlingTime,Overshoot
0.001,0.052479906932163,0.0754430448929164,0
0.01,0.0298389118778022,0.136307730813117,22.4879985905038
0.05,0.0259311589304542,NaN,433.393313262607
