RefAmplitude_deg,RiseTime_s,SettlingTime_s,Overshoot_pct
40,0.0565,0.0829,0
70,0.0548833333333333,0.0795499999999999,0.257069408740396
120,0.0599,0.0873500000000001,0
