rho,RiseTime,SettlingTime,Overshoot
500,2.79161125512065,14.0949583434627,2.330420044707
5000,8.80242368213671,14.2932967856427,0.435449230820839
