rho,RiseTime,SettlingTime,Overshoot
500,2.60555871580311,6.36001159132606,1.55975780527422
5000,7.8750715015174,16.3966862074888,0.295052066017742
