rho,RiseTime,SettlingTime,Overshoot
500,3.22474123937865,15.6767586834139,0
5000,9.42397881773241,25.5446211472555,0
