q11,rho,RiseTime,SettlingTime,Overshoot
0.1,500,0.644575194523444,3.90646808812475,24.2712318196251
0.1,5000,0.572670846885118,8.24179802448968,72.4468203644524
