q11,rho,RiseTime,SettlingTime,Overshoot
1,500,0.700713593966958,2.42808093472025,7.12409263792133
1,5000,0.630053186338024,3.84419430668915,27.2006995666637
