q11,rho,RiseTime,SettlingTime,Overshoot
1,500,0.983780462231071,3.02490366365056,4.11342131456056
1,5000,1.6059374884913,4.74564400662742,4.07022789487534
