q11,rho,RiseTime,SettlingTime,Overshoot
0.1,500,1.69510857698896,4.54288638132704,2.85953765936433
0.1,5000,2.75265879205642,7.86664026400148,3.58580807053568
