q11,rho,RiseTime,SettlingTime,Overshoot
1,500,0.985185497436815,12.1598929570974,4.03265795539349
1,5000,1.59892389269051,15.2983379035093,4.31470676412971
