q11,rho,RiseTime,SettlingTime,Overshoot
0.1,500,1.70214347257787,13.6988843687648,2.65353826309176
0.1,5000,2.72657422007056,19.8296848443765,5.80066549915219
