Ts,RiseTime,SettlingTime,Overshoot
0.001,0.0542084846136304,0.155010072001766,9.96066717900008
0.01,0.0546651184843687,0.152687284791806,9.14774493885266
0.05,0.0632580181744161,0.901821779809286,27.3495555747587
