delta,omega_d,omega_n,B_b_est,k_est
0.0500826992757098,23.6100875359828,23.6397536728376,0.00331503948761603,0.782373135197415
