Row,SteadyStateError,RiseTime,SettlingTime,Overshoot
NoAW,0,0.0642924341453754,1.7225,59.7
WithAW,-0.180000000000007,0.0642924341453754,1.61714285714286,59.05
