Row,MaxAbsError_deg,RMSError_deg,P2PError_deg
NoFF,61.4188352062376,27.521370277431,116.794948960373
WithFF,27.0180833137661,4.64897253031183,51.5931146010371
