Ts,RiseTime,SettlingTime,Overshoot
0.001,0.0338555555555555,1.39033333333333,21.68
0.01,0.0257041956567572,1.26025641025641,69.56
0.05,0.0474385396254005,NaN,2047.76
