Ts,RiseTime,SettlingTime,Overshoot
0.001,0.0340555555555555,1.38933333333333,20.96
0.01,0.0264236111111111,1.31166666666667,58.4
0.05,0.0491128866244661,NaN,166.04
