Ts,RiseTime,SettlingTime,Overshoot
0.001,0.0338888888888889,1.39033333333333,21.32
0.01,0.0284008307372794,1.64047619047619,72.8
0.05,0.0471453387643235,NaN,2089.52
